{"nyrs":{"0":100000.0},"tout":{"0":100.0},"tso":{"0":2.0},"tna":{"0":20.0},"tdo":{"0":4.0},"sso":{"0":34.0},"sna":{"0":35.5},"sdo":{"0":34.75},"cso":{"0":2264.6755401716},"cna":{"0":2103.4874740731},"cdo":{"0":2364.6696071398},"aso":{"0":2395.5445921949},"ana":{"0":2387.4295348015},"ado":{"0":2399.1192960424},"pso":{"0":1.8108944517},"pna":{"0":0.2503065862},"pdo":{"0":2.4983374575},"nso":{"0":25.0135269131},"nna":{"0":0.0441210657},"ndo":{"0":36.0126150064},"fso":{"0":0.0037705968},"fna":{"0":0.4977557638},"fdo":{"0":0.5884696149},"lso":{"0":2.0854755799},"lna":{"0":1.5638674495},"ldo":{"0":1.6202894421},"atmpco2":{"0":279.9999992931},"gamma":{"0":0.0053},"lambda":{"0":87960000.0},"sFetop":{"0":0.15},"sFebot":{"0":0.0823529412},"alphabio":{"0":0.000006},"dlambdadz":{"0":0.01},"psi":{"0":20000000.0},"niter":{"0":1.0}}