{"nyrs":{"0":100000.0},"tout":{"0":100.0},"tso":{"0":2.0},"tna":{"0":20.0},"tdo":{"0":4.0},"sso":{"0":34.0},"sna":{"0":35.5},"sdo":{"0":34.75},"cso":{"0":2264.6755348609},"cna":{"0":2103.4874692973},"cdo":{"0":2364.6696016623},"aso":{"0":2395.5445862286},"ana":{"0":2387.4295288579},"ado":{"0":2399.1192900677},"pso":{"0":1.8108944467},"pna":{"0":0.2503065856},"pdo":{"0":2.4983374509},"nso":{"0":25.0135268429},"nna":{"0":0.0441210655},"ndo":{"0":36.0126149105},"fso":{"0":0.0037705968},"fna":{"0":0.4977557678},"fdo":{"0":0.5884696133},"lso":{"0":2.0854755748},"lna":{"0":1.5638674453},"ldo":{"0":1.6202894378},"atmpco2":{"0":279.9999992931},"gamma":{"0":0.0053},"lambda":{"0":87960000.0},"sFetop":{"0":0.15},"sFebot":{"0":0.0823529412},"alphabio":{"0":0.000006},"dlambdadz":{"0":0.01},"psi":{"0":20000000.0},"niter":{"0":1.0}}